id,x,y,attribute,weight,prediction
0.0,442343.40625,5418131.5,3.9404263496398926,1.0,0.0
1.0,441863.40625,5420861.5,4.3388147354125977,1.0,0.0
2.0,441753.40625,5419191.5,4.0038895606994629,1.0,0.0
3.0,442883.40625,5419691.5,4.1886992454528809,1.0,0.0
4.0,442393.40625,5422801.5,3.7865331172943111,1.0,0.0
5.0,444463.40625,5420811.5,4.618593692779541,1.0,0.0
6.0,443283.40625,5424361.5,4.3133726119995126,1.0,0.0
7.0,443373.40625,5424311.5,4.4233798980712891,1.0,0.0
8.0,439603.40625,5426311.5,3.7362067699432369,1.0,0.0
9.0,442133.40625,5422901.5,3.87144947052002,1.0,0.0
10.0,442313.40625,5427481.5,4.0281071662902832,1.0,0.0
11.0,444503.40625,5423331.5,4.2913475036621085,1.0,0.0
12.0,438423.40625,5423401.5,7.8656673431396484,1.0,0.0
13.0,441443.40625,5426791.5,3.7932739257812487,1.0,0.0
14.0,439823.40625,5425671.5,3.8742694854736328,1.0,0.0
15.0,442093.40625,5423961.5,3.7560133934021001,1.0,0.0
16.0,439723.40625,5425291.5,4.2893385887145996,1.0,0.0
17.0,440783.40625,5418081.5,3.835782527923584,1.0,0.0
18.0,440603.40625,5426291.5,3.8653740882873535,1.0,0.0
19.0,442433.40625,5418401.5,4.164546012878418,1.0,0.0
20.0,443903.40625,5419601.5,3.998809814453125,1.0,0.0
21.0,441963.40625,5421231.5,6.2376046180725098,1.0,0.0
22.0,443593.40625,5419931.5,4.357757568359375,1.0,0.0
23.0,443093.40625,5421221.5,4.4109506607055664,1.0,0.0
24.0,439133.40625,5426141.5,3.7431952953338623,1.0,0.0
25.0,443333.40625,5419611.5,4.4641222953796396,1.0,0.0
26.0,441553.40625,5424091.5,4.260986328125,1.0,0.0
27.0,439743.40625,5419441.5,3.611426830291748,1.0,0.0
28.0,439853.40625,5424541.5,4.3845171928405762,1.0,0.0
29.0,444943.40625,5421861.5,4.5806846618652335,1.0,0.0
30.0,444273.40625,5420821.5,5.3746809959411612,1.0,0.0
31.0,442203.40625,5418771.5,3.8766555786132808,1.0,0.0
32.0,441183.40625,5422961.5,4.1448216438293457,1.0,0.0
33.0,437903.40625,5424141.5,4.0452079772949219,1.0,0.0
34.0,442193.40625,5426921.5,3.9255483150482178,1.0,0.0
35.0,443623.40625,5425551.5,4.4585351943969727,1.0,0.0
36.0,442503.40625,5421331.5,4.2845187187194815,1.0,0.0
37.0,443903.40625,5419171.5,3.9345922470092769,1.0,0.0
38.0,441393.40625,5419481.5,5.4812498092651367,1.0,0.0
39.0,442553.40625,5422051.5,3.9389116764068599,1.0,0.0
40.0,440923.40625,5419691.5,4.237724781036377,1.0,0.0
41.0,441193.40625,5419231.5,6.2896904945373544,1.0,0.0
42.0,442903.40625,5426391.5,4.4121031761169434,1.0,0.0
43.0,440243.40625,5426021.5,4.3927631378173828,1.0,0.0
44.0,442353.40625,5424661.5,4.0449256896972656,1.0,0.0
45.0,442523.40625,5418171.5,4.1915125846862793,1.0,0.0
46.0,439173.40625,5422221.5,5.7871475219726562,1.0,0.0
47.0,443193.40625,5422151.5,4.2796998023986816,1.0,0.0
48.0,440183.40625,5422451.5,4.2631764411926261,1.0,0.0
49.0,442683.40625,5427291.5,4.2651882171630859,1.0,0.0
50.0,444473.40625,5424531.5,4.3847217559814444,1.0,0.0
51.0,442043.40625,5427061.5,3.9101140499114999,1.0,0.0
52.0,438743.40625,5423541.5,4.0432467460632324,1.0,0.0
53.0,440623.40625,5420121.5,3.8591053485870361,1.0,0.0
54.0,442083.40625,5422501.5,4.0015025138854972,1.0,0.0
55.0,441613.40625,5425561.5,4.3425769805908203,1.0,0.0
56.0,444353.40625,5422691.5,4.3958444595336914,1.0,0.0
57.0,444453.40625,5422701.5,4.4141097068786621,1.0,0.0
58.0,443973.40625,5426091.5,5.5297436714172354,1.0,0.0
59.0,439563.40625,5425811.5,3.7188606262207031,1.0,0.0
60.0,443663.40625,5421671.5,4.4237561225891113,1.0,0.0
61.0,440233.40625,5423561.5,3.9834411144256592,1.0,0.0
62.0,443023.40625,5421081.5,4.505256175994873,1.0,0.0
63.0,442323.40625,5422791.5,3.8345997333526607,1.0,0.0
64.0,445623.40625,5422051.5,4.6955833435058594,1.0,0.0
65.0,441773.40625,5418831.5,3.8640694618225098,1.0,0.0
66.0,442423.40625,5425371.5,6.0673775672912598,1.0,0.0
67.0,442293.40625,5421401.5,4.2906250953674316,1.0,0.0
68.0,439283.40625,5423111.5,3.7922432422637935,1.0,0.0
69.0,440333.40625,5423531.5,4.5334792137145996,1.0,0.0
70.0,445413.40625,5422901.5,5.0267791748046884,1.0,0.0
71.0,443573.40625,5421441.5,4.6168289184570304,1.0,0.0
72.0,444873.40625,5420031.5,4.2493743896484375,1.0,0.0
73.0,442323.40625,5421101.5,5.4625935554504403,1.0,0.0
74.0,440453.40625,5419851.5,3.770430326461792,1.0,0.0
75.0,438983.40625,5425031.5,3.8621947765350337,1.0,0.0
76.0,440393.40625,5422911.5,3.7783920764923096,1.0,0.0
77.0,438313.40625,5420571.5,3.7663900852203369,1.0,0.0
78.0,441293.40625,5420601.5,3.977251529693604,1.0,0.0
79.0,441773.40625,5422781.5,5.2594528198242187,1.0,0.0
80.0,440933.40625,5418101.5,4.0061359405517578,1.0,0.0
81.0,445963.40625,5420991.5,5.4772486686706543,1.0,0.0
82.0,443783.40625,5425461.5,4.4547076225280762,1.0,0.0
83.0,442943.40625,5418791.5,4.3407831192016602,1.0,0.0
84.0,442893.40625,5421971.5,4.0691976547241211,1.0,0.0
85.0,440773.40625,5420191.5,3.8689231872558594,1.0,0.0
86.0,441303.40625,5418151.5,4.154484748840332,1.0,0.0
87.0,442793.40625,5427721.5,4.3779616355895996,1.0,0.0
88.0,440463.40625,5420141.5,3.6853971481323242,1.0,0.0
89.0,443273.40625,5423631.5,3.9824707508087158,1.0,0.0
90.0,444453.40625,5421461.5,4.827888011932373,1.0,0.0
91.0,442273.40625,5423291.5,3.7444784641265865,1.0,0.0
92.0,445543.40625,5421231.5,5.4981808662414551,1.0,0.0
93.0,440493.40625,5421531.5,4.226346492767334,1.0,0.0
94.0,440313.40625,5423221.5,4.0379214286804199,1.0,0.0
95.0,442283.40625,5423781.5,3.8438937664031991,1.0,0.0
96.0,445173.40625,5424141.5,5.298724651336669,1.0,0.0
97.0,439963.40625,5425511.5,3.9971275329589839,1.0,0.0
98.0,441863.40625,5420021.5,4.7222170829772949,1.0,0.0
99.0,444303.40625,5421331.5,5.3696327209472656,1.0,0.0
100.0,443743.40625,5419411.5,4.0492630004882804,1.0,0.0
101.0,438423.40625,5425071.5,3.5804212093353271,1.0,0.0
102.0,445833.40625,5421721.5,5.5960845947265634,1.0,0.0
103.0,443053.40625,5425621.5,5.7321972846984863,1.0,0.0
104.0,443203.40625,5419121.5,4.411407470703125,1.0,0.0
105.0,440753.40625,5423481.5,3.8240358829498287,1.0,0.0
106.0,445243.40625,5424021.5,5.2648124694824228,1.0,0.0
107.0,444263.40625,5424161.5,4.1449651718139648,1.0,0.0
108.0,437483.40625,5423101.5,3.754064559936523,1.0,0.0
109.0,442313.40625,5419421.5,3.9143786430358887,1.0,0.0
110.0,442063.40625,5419311.5,3.9414067268371582,1.0,0.0
111.0,440853.40625,5418261.5,3.9410152435302734,1.0,0.0
112.0,444083.40625,5425461.5,5.4422669410705566,1.0,0.0
113.0,443273.40625,5426371.5,4.5526876449584961,1.0,0.0
114.0,445533.40625,5420721.5,4.4998674392700204,1.0,0.0
115.0,443683.40625,5419661.5,4.1960234642028809,1.0,0.0
116.0,441053.40625,5420501.5,3.9140856266021729,1.0,0.0
117.0,444343.40625,5425651.5,5.4310798645019531,1.0,0.0
118.0,443723.40625,5422621.5,4.2517242431640634,1.0,0.0
119.0,439413.40625,5424461.5,4.3559584617614746,1.0,0.0
120.0,441613.40625,5418171.5,3.7315130233764648,1.0,0.0
121.0,445493.40625,5420711.5,4.4969205856323233,1.0,0.0
122.0,443733.40625,5419041.5,3.937232494354248,1.0,0.0
123.0,437693.40625,5423701.5,3.7843942642211919,1.0,0.0
124.0,438463.40625,5421631.5,3.7857885360717769,1.0,0.0
125.0,440363.40625,5424531.5,4.3057703971862793,1.0,0.0
126.0,443933.40625,5422311.5,4.0006651878356925,1.0,0.0
127.0,438413.40625,5423241.5,4.1467876434326172,1.0,0.0
128.0,439643.40625,5420771.5,6.893448829650878,1.0,0.0
129.0,440333.40625,5422171.5,4.2744779586791992,1.0,0.0
130.0,443223.40625,5426621.5,4.4727110862731925,1.0,0.0
131.0,444643.40625,5423361.5,4.3068413734436044,1.0,0.0
132.0,442343.40625,5424311.5,3.88633131980896,1.0,0.0
133.0,438653.40625,5421031.5,3.9209163188934326,1.0,0.0
134.0,438413.40625,5423631.5,4.2311844825744629,1.0,0.0
135.0,439773.40625,5421061.5,4.2730631828308105,1.0,0.0
136.0,441133.40625,5425641.5,4.4096364974975595,1.0,0.0
137.0,442603.40625,5419351.5,3.9834787845611568,1.0,0.0
138.0,441333.40625,5424531.5,4.183812141418457,1.0,0.0
139.0,439243.40625,5426041.5,3.823197603225708,1.0,0.0
140.0,440673.40625,5424761.5,4.2244577407836923,1.0,0.0
141.0,440963.40625,5421081.5,4.3173360824584961,1.0,0.0
142.0,444913.40625,5422881.5,4.4659223556518564,1.0,0.0
143.0,441523.40625,5427101.5,3.7676894664764409,1.0,0.0
144.0,438453.40625,5424031.5,4.2090268135070801,1.0,0.0
145.0,441293.40625,5426371.5,4.0851449966430655,1.0,0.0
146.0,442003.40625,5418301.5,3.6660890579223633,1.0,0.0
147.0,441503.40625,5421781.5,4.1158723831176758,1.0,0.0
148.0,437923.40625,5424121.5,4.1444654464721671,1.0,0.0
149.0,443813.40625,5425311.5,4.4196152687072763,1.0,0.0
150.0,444803.40625,5424441.5,4.5378437042236319,1.0,0.0
151.0,442103.40625,5418081.5,4.2152748107910156,1.0,0.0
152.0,444663.40625,5424461.5,4.8526325225830078,1.0,0.0
153.0,443693.40625,5420301.5,4.4203205108642569,1.0,0.0
154.0,445743.40625,5421351.5,5.3653497695922852,1.0,0.0
155.0,438633.40625,5419861.5,3.7010104656219487,1.0,0.0
156.0,441193.40625,5425191.5,6.6883287429809561,1.0,0.0
157.0,443913.40625,5424021.5,4.0074167251586914,1.0,0.0
158.0,445233.40625,5422081.5,4.4911985397338876,1.0,0.0
159.0,441893.40625,5421391.5,4.5721173286437988,1.0,0.0
160.0,444013.40625,5421821.5,4.3426265716552734,1.0,0.0
161.0,442493.40625,5421291.5,4.3574318885803214,1.0,0.0
162.0,446173.40625,5421401.5,5.2497420310974112,1.0,0.0
163.0,439153.40625,5426451.5,3.6157224178314209,1.0,0.0
164.0,442603.40625,5422751.5,3.8116436004638672,1.0,0.0
165.0,439993.40625,5422541.5,4.1796541213989258,1.0,0.0
166.0,438673.40625,5423221.5,3.9429938793182369,1.0,0.0
167.0,440743.40625,5426681.5,3.710261344909668,1.0,0.0
168.0,440603.40625,5423201.5,3.7654101848602286,1.0,0.0
169.0,445653.40625,5422601.5,5.595561981201171,1.0,0.0
170.0,442593.40625,5425391.5,4.6408672332763672,1.0,0.0
171.0,445203.40625,5422411.5,4.5016136169433594,1.0,0.0
172.0,442343.40625,5427781.5,4.1130499839782724,1.0,0.0
173.0,442283.40625,5425301.5,5.6886482238769531,1.0,0.0
174.0,446063.40625,5421311.5,5.2826547622680655,1.0,0.0
175.0,439923.40625,5423191.5,3.747526884078979,1.0,0.0
176.0,444973.40625,5423691.5,4.4788365364074716,1.0,0.0
177.0,441473.40625,5424591.5,4.3403816223144531,1.0,0.0
178.0,442503.40625,5423021.5,3.6592550277709961,1.0,0.0
179.0,439163.40625,5423351.5,3.9045145511627202,1.0,0.0
180.0,443483.40625,5423171.5,3.989946603775024,1.0,0.0
181.0,439553.40625,5422711.5,3.8306005001068129,1.0,0.0
182.0,445573.40625,5422831.5,5.6095404624938956,1.0,0.0
183.0,442813.40625,5419351.5,4.1356921195983878,1.0,0.0
184.0,442663.40625,5428011.5,4.4175839424133292,1.0,0.0
185.0,443243.40625,5420831.5,5.943812370300293,1.0,0.0
186.0,441623.40625,5426661.5,3.8246293067932129,1.0,0.0
187.0,439533.40625,5420431.5,4.1156282424926758,1.0,0.0
188.0,441423.40625,5423991.5,4.2634654045104972,1.0,0.0
189.0,440733.40625,5422801.5,3.9010729789733887,1.0,0.0
190.0,438443.40625,5423081.5,3.9810459613800049,1.0,0.0
191.0,443153.40625,5427111.5,4.8428716659545898,1.0,0.0
192.0,439123.40625,5426301.5,3.6778197288513184,1.0,0.0
193.0,442883.40625,5418611.5,4.3466410636901855,1.0,0.0
194.0,441643.40625,5422891.5,4.2332963943481445,1.0,0.0
195.0,445403.40625,5422971.5,5.1503758430480957,1.0,0.0
196.0,444023.40625,5423801.5,3.9414627552032471,1.0,0.0
197.0,441953.40625,5420731.5,4.3331518173217765,1.0,0.0
198.0,443213.40625,5422781.5,4.2533493041992188,1.0,0.0
199.0,440363.40625,5420261.5,3.8098988533020015,1.0,0.0
200.0,443103.40625,5421031.5,4.5752801895141602,1.0,0.0
201.0,442593.40625,5427061.5,4.229557991027832,1.0,0.0
202.0,439873.40625,5424741.5,4.360231876373291,1.0,0.0
203.0,445553.40625,5422251.5,4.979581356048584,1.0,0.0
204.0,441643.40625,5420701.5,4.1396608352661124,1.0,0.0
205.0,443813.40625,5424641.5,5.8833765983581543,1.0,0.0
206.0,437673.40625,5422001.5,3.7025144100189209,1.0,0.0
207.0,441733.40625,5418681.5,3.7978515625,1.0,0.0
208.0,441373.40625,5418791.5,3.9930799007415767,1.0,0.0
209.0,439533.40625,5424471.5,7.3708271980285636,1.0,0.0
210.0,440523.40625,5422341.5,4.2743043899536124,1.0,0.0
211.0,441513.40625,5417841.5,3.6611735820770255,1.0,0.0
212.0,442383.40625,5420811.5,5.8093709945678702,1.0,0.0
213.0,440803.40625,5422241.5,4.0016145706176758,1.0,0.0
214.0,441153.40625,5426551.5,3.8423674106597896,1.0,0.0
215.0,440533.40625,5422201.5,4.6227035522460937,1.0,0.0
216.0,440653.40625,5421911.5,4.2988009452819824,1.0,0.0
217.0,442863.40625,5426671.5,4.1450710296630859,1.0,0.0
218.0,438863.40625,5424251.5,4.165501594543457,1.0,0.0
219.0,442873.40625,5418001.5,3.8785145282745352,1.0,0.0
220.0,437643.40625,5422991.5,3.8715105056762695,1.0,0.0
221.0,438153.40625,5422431.5,4.151911735534668,1.0,0.0
222.0,443373.40625,5425601.5,4.5169181823730469,1.0,0.0
223.0,445003.40625,5424031.5,4.4472088813781738,1.0,0.0
224.0,437693.40625,5422071.5,3.6462666988372798,1.0,0.0
225.0,440573.40625,5419801.5,3.8855671882629386,1.0,0.0
226.0,442933.40625,5426391.5,4.4406652450561532,1.0,0.0
227.0,439643.40625,5423971.5,3.9342029094696049,1.0,0.0
228.0,445353.40625,5421271.5,5.5948686599731445,1.0,0.0
229.0,439553.40625,5420591.5,4.2762360572814941,1.0,0.0
230.0,444253.40625,5425701.5,5.2874221801757804,1.0,0.0
231.0,442063.40625,5422851.5,3.917317152023315,1.0,0.0
232.0,443653.40625,5423431.5,3.9172415733337398,1.0,0.0
233.0,442113.40625,5423871.5,3.7772490978240967,1.0,0.0
234.0,441513.40625,5418481.5,3.9176161289215088,1.0,0.0
235.0,443553.40625,5425121.5,4.1873855590820313,1.0,0.0
236.0,440753.40625,5426391.5,4.2217288017272949,1.0,0.0
237.0,445463.40625,5423891.5,5.3596115112304687,1.0,0.0
238.0,442663.40625,5420071.5,4.1279559135437012,1.0,0.0
239.0,442003.40625,5418621.5,3.801977396011353,1.0,0.0
240.0,441363.40625,5421391.5,5.2282505035400382,1.0,0.0
241.0,443233.40625,5424421.5,4.1753602027893066,1.0,0.0
242.0,443893.40625,5422801.5,5.8906283378601074,1.0,0.0
243.0,441483.40625,5422621.5,4.4474830627441406,1.0,0.0
244.0,445093.40625,5421691.5,4.8204793930053711,1.0,0.0
245.0,443103.40625,5418951.5,4.4226512908935547,1.0,0.0
246.0,440483.40625,5420731.5,3.9857323169708248,1.0,0.0
247.0,445363.40625,5423691.5,5.0666093826293945,1.0,0.0
248.0,438523.40625,5424831.5,3.7421338558197026,1.0,0.0
249.0,441913.40625,5422021.5,4.3676280975341797,1.0,0.0
250.0,445373.40625,5424121.5,5.2947654724121085,1.0,0.0
251.0,443053.40625,5418211.5,3.9498791694641113,1.0,0.0
252.0,441213.40625,5425821.5,4.1794800758361816,1.0,0.0
253.0,442383.40625,5424911.5,4.3710775375366211,1.0,0.0
254.0,442083.40625,5423511.5,3.6563112735748287,1.0,0.0
255.0,444873.40625,5424281.5,4.4534626007080078,1.0,0.0
256.0,440373.40625,5426271.5,4.0396990776062012,1.0,0.0
257.0,442423.40625,5422561.5,3.8599748611450209,1.0,0.0
258.0,440663.40625,5419501.5,4.0943479537963876,1.0,0.0
259.0,443033.40625,5427241.5,4.6959772109985352,1.0,0.0
260.0,437683.40625,5422521.5,3.9736592769622794,1.0,0.0
261.0,443963.40625,5421591.5,4.4183878898620605,1.0,0.0
262.0,439953.40625,5424891.5,4.3337669372558594,1.0,0.0
263.0,443423.40625,5425261.5,4.2017960548400888,1.0,0.0
264.0,442403.40625,5418731.5,3.903533697128295,1.0,0.0
265.0,440143.40625,5419291.5,4.1992645263671884,1.0,0.0
266.0,437703.40625,5423121.5,3.8700554370880127,1.0,0.0
267.0,440263.40625,5425591.5,4.2334842681884766,1.0,0.0
268.0,441953.40625,5419231.5,3.9380991458892809,1.0,0.0
269.0,444773.40625,5424411.5,4.352015495300293,1.0,0.0
270.0,442623.40625,5419631.5,4.0066952705383292,1.0,0.0
271.0,442773.40625,5426861.5,4.1499691009521484,1.0,0.0
272.0,442053.40625,5421021.5,5.6627488136291513,1.0,0.0
273.0,443993.40625,5425041.5,4.4649815559387207,1.0,0.0
274.0,444003.40625,5419541.5,3.9512655735015865,1.0,0.0
275.0,441653.40625,5426661.5,3.8389930725097656,1.0,0.0
276.0,438743.40625,5419781.5,3.7633843421936031,1.0,0.0
277.0,441453.40625,5424011.5,4.4229788780212402,1.0,0.0
278.0,442723.40625,5418811.5,4.1399431228637695,1.0,0.0
279.0,443053.40625,5419401.5,4.4112415313720703,1.0,0.0
280.0,441133.40625,5421341.5,6.6487779617309579,1.0,0.0
281.0,442213.40625,5418261.5,4.2239437103271484,1.0,0.0
282.0,441123.40625,5424831.5,4.2184772491455078,1.0,0.0
283.0,441893.40625,5420551.5,4.35331106185913,1.0,0.0
284.0,438923.40625,5422241.5,3.8993198871612553,1.0,0.0
285.0,442683.40625,5423151.5,3.7454404830932617,1.0,0.0
286.0,440833.40625,5421461.5,5.8513154983520508,1.0,0.0
287.0,440733.40625,5425751.5,4.0111384391784668,1.0,0.0
288.0,441303.40625,5420431.5,4.0218029022216797,1.0,0.0
289.0,443263.40625,5418781.5,4.2428293228149405,1.0,0.0
290.0,443833.40625,5426021.5,5.8083491325378418,1.0,0.0
291.0,445983.40625,5421871.5,5.277585506439209,1.0,0.0
292.0,443473.40625,5424431.5,4.4291677474975595,1.0,0.0
293.0,445213.40625,5422511.5,4.5038299560546884,1.0,0.0
294.0,440953.40625,5422161.5,3.9268529415130615,1.0,0.0
295.0,442263.40625,5427631.5,4.0596828460693359,1.0,0.0
296.0,441273.40625,5420151.5,4.0158500671386719,1.0,0.0
297.0,440353.40625,5425551.5,4.3518381118774414,1.0,0.0
298.0,445203.40625,5423731.5,4.6844816207885742,1.0,0.0
299.0,442463.40625,5426611.5,4.0264658927917472,1.0,0.0
300.0,444533.40625,5420971.5,5.2558145523071298,1.0,0.0
301.0,442553.40625,5420501.5,4.4317898750305176,1.0,0.0
302.0,442853.40625,5427151.5,4.3762965202331534,1.0,0.0
303.0,440733.40625,5420471.5,3.8617961406707759,1.0,0.0
304.0,438313.40625,5425051.5,3.5661575794219971,1.0,0.0
305.0,439803.40625,5419071.5,3.9529120922088623,1.0,0.0
306.0,440423.40625,5421491.5,4.201007366180419,1.0,0.0
307.0,443513.40625,5425901.5,5.7805681228637695,1.0,0.0
308.0,442543.40625,5420071.5,4.1135497093200684,1.0,0.0
309.0,438713.40625,5421381.5,3.7684249877929687,1.0,0.0
310.0,442793.40625,5426231.5,4.4618759155273437,1.0,0.0
311.0,439883.40625,5419031.5,4.1750965118408203,1.0,0.0
312.0,439973.40625,5422431.5,4.1816873550415039,1.0,0.0
313.0,440313.40625,5419881.5,3.718825101852417,1.0,0.0
314.0,437483.40625,5422831.5,3.8037929534912105,1.0,0.0
315.0,440743.40625,5426271.5,4.0409946441650391,1.0,0.0
316.0,441753.40625,5420441.5,4.2508783340454093,1.0,0.0
317.0,442093.40625,5421831.5,4.2270998954772949,1.0,0.0
318.0,444973.40625,5422371.5,4.3603544235229492,1.0,0.0
319.0,440283.40625,5421561.5,4.1004223823547363,1.0,0.0
320.0,437723.40625,5422321.5,3.8741800785064697,1.0,0.0
321.0,439143.40625,5421581.5,4.2526254653930655,1.0,0.0
322.0,444193.40625,5423621.5,4.0648436546325684,1.0,0.0
323.0,440343.40625,5424541.5,4.3446779251098633,1.0,0.0
324.0,443033.40625,5426531.5,4.3668770790100098,1.0,0.0
325.0,443383.40625,5426591.5,5.3546276092529297,1.0,0.0
326.0,439473.40625,5419981.5,4.032562255859375,1.0,0.0
327.0,441913.40625,5419821.5,4.3535351753234863,1.0,0.0
328.0,443963.40625,5421171.5,5.8607687950134277,1.0,0.0
329.0,439523.40625,5426121.5,3.6631345748901367,1.0,0.0
330.0,438883.40625,5425021.5,3.8401007652282719,1.0,0.0
331.0,443803.40625,5425051.5,4.3791985511779785,1.0,0.0
332.0,441593.40625,5418321.5,3.8410568237304687,1.0,0.0
333.0,445863.40625,5421801.5,5.6100850105285636,1.0,0.0
334.0,443693.40625,5418961.5,3.9389157295227042,1.0,0.0
335.0,442233.40625,5425921.5,4.4833006858825684,1.0,0.0
336.0,438733.40625,5425561.5,3.9106023311614986,1.0,0.0
337.0,443883.40625,5420031.5,4.2183103561401367,1.0,0.0
338.0,441273.40625,5424571.5,4.155785083770752,1.0,0.0
339.0,445323.40625,5424171.5,5.5317597389221191,1.0,0.0
340.0,441863.40625,5424161.5,3.9392361640930176,1.0,0.0
341.0,438613.40625,5421571.5,3.9885334968566895,1.0,0.0
342.0,441663.40625,5422831.5,4.2196025848388672,1.0,0.0
343.0,440363.40625,5426631.5,3.7376091480255127,1.0,0.0
344.0,439733.40625,5419281.5,3.6006739139556885,1.0,0.0
345.0,443223.40625,5426431.5,4.4862203598022461,1.0,0.0
346.0,440373.40625,5419701.5,3.800694465637207,1.0,0.0
347.0,440353.40625,5420571.5,3.9289915561676025,1.0,0.0
348.0,442173.40625,5426901.5,3.9255194664001456,1.0,0.0
349.0,443573.40625,5421831.5,4.3728613853454581,1.0,0.0
350.0,441093.40625,5420421.5,3.9191775321960449,1.0,0.0
351.0,442963.40625,5420091.5,4.3280816078186044,1.0,0.0
352.0,444153.40625,5419811.5,4.0125102996826172,1.0,0.0
353.0,440593.40625,5420281.5,3.7546927928924561,1.0,0.0
354.0,444473.40625,5422361.5,4.2656416893005371,1.0,0.0
355.0,442263.40625,5424571.5,3.9826822280883785,1.0,0.0
356.0,442383.40625,5424181.5,3.8206958770751953,1.0,0.0
357.0,441703.40625,5427171.5,3.8011355400085449,1.0,0.0
358.0,439523.40625,5418871.5,3.7822952270507808,1.0,0.0
359.0,441293.40625,5425691.5,4.2784929275512695,1.0,0.0
360.0,439353.40625,5425971.5,3.8358356952667241,1.0,0.0
361.0,442173.40625,5425761.5,4.4671058654785156,1.0,0.0
362.0,444843.40625,5422671.5,4.4863743782043457,1.0,0.0
363.0,441963.40625,5425971.5,4.2876219749450684,1.0,0.0
364.0,441673.40625,5419381.5,4.2325358390808105,1.0,0.0
365.0,441183.40625,5424361.5,4.0406880378723136,1.0,0.0
366.0,439913.40625,5426781.5,3.6001486778259277,1.0,0.0
367.0,444553.40625,5421901.5,4.5082693099975586,1.0,0.0
368.0,439813.40625,5426031.5,4.1789393424987793,1.0,0.0
369.0,443413.40625,5423741.5,3.9525282382965088,1.0,0.0
370.0,444433.40625,5420021.5,4.1075601577758789,1.0,0.0
371.0,440703.40625,5420561.5,3.8882503509521489,1.0,0.0
372.0,445813.40625,5423701.5,5.2829723358154306,1.0,0.0
373.0,440563.40625,5421481.5,4.3058795928955078,1.0,0.0
374.0,440333.40625,5419321.5,4.3201608657836914,1.0,0.0
375.0,440323.40625,5418611.5,4.2310037612915039,1.0,0.0
376.0,445233.40625,5421821.5,4.64371633529663,1.0,0.0
377.0,443543.40625,5418591.5,3.9224653244018559,1.0,0.0
378.0,439343.40625,5423921.5,4.0755100250244141,1.0,0.0
379.0,445593.40625,5422991.5,5.3724808692932129,1.0,0.0
380.0,439303.40625,5421251.5,3.9626755714416495,1.0,0.0
381.0,442493.40625,5428451.5,4.5772833824157706,1.0,0.0
382.0,439733.40625,5423091.5,3.5684933662414551,1.0,0.0
383.0,441793.40625,5418671.5,3.7818915843963614,1.0,0.0
384.0,438943.40625,5423381.5,3.9441123008728023,1.0,0.0
385.0,443933.40625,5425901.5,5.4996438026428223,1.0,0.0
386.0,440793.40625,5420941.5,4.1322827339172363,1.0,0.0
387.0,443043.40625,5418671.5,4.3335070610046396,1.0,0.0
388.0,442463.40625,5423631.5,4.0777554512023926,1.0,0.0
389.0,440543.40625,5419671.5,3.934148788452148,1.0,0.0
390.0,441523.40625,5426561.5,3.8808810710906978,1.0,0.0
391.0,442523.40625,5424921.5,4.1920428276062012,1.0,0.0
392.0,440413.40625,5423931.5,4.2406563758850098,1.0,0.0
393.0,441623.40625,5423701.5,4.0776333808898926,1.0,0.0
394.0,441633.40625,5426051.5,4.0447993278503418,1.0,0.0
395.0,443463.40625,5425641.5,4.508753776550293,1.0,0.0
396.0,438153.40625,5422701.5,4.2117438316345215,1.0,0.0
397.0,444333.40625,5420481.5,4.4074888229370117,1.0,0.0
398.0,444093.40625,5423321.5,4.1408438682556152,1.0,0.0
399.0,444263.40625,5425651.5,5.2924237251281738,1.0,0.0
400.0,440453.40625,5421131.5,4.3489370346069345,1.0,0.0
401.0,439813.40625,5425511.5,4.0430512428283691,1.0,0.0
402.0,440793.40625,5424801.5,4.227248191833497,1.0,0.0
403.0,439243.40625,5425441.5,4.1985201835632324,1.0,0.0
404.0,438293.40625,5422061.5,3.6095547676086426,1.0,0.0
405.0,443773.40625,5424831.5,4.4433379173278817,1.0,0.0
406.0,441113.40625,5423891.5,3.9051153659820552,1.0,0.0
407.0,439513.40625,5422151.5,3.8118174076080318,1.0,0.0
408.0,443273.40625,5421481.5,4.3505911827087402,1.0,0.0
409.0,440483.40625,5423831.5,4.2455244064331055,1.0,0.0
410.0,441623.40625,5419251.5,4.1552262306213379,1.0,0.0
411.0,444123.40625,5424491.5,4.3002090454101562,1.0,0.0
412.0,442343.40625,5424991.5,4.3626194000244141,1.0,0.0
413.0,437783.40625,5423631.5,3.8036696910858159,1.0,0.0
414.0,443473.40625,5420411.5,4.6527314186096191,1.0,0.0
415.0,441593.40625,5417981.5,3.8090019226074214,1.0,0.0
416.0,443253.40625,5419781.5,4.7969117164611808,1.0,0.0
417.0,439583.40625,5422811.5,3.7905972003936768,1.0,0.0
418.0,439323.40625,5421931.5,4.2558832168579102,1.0,0.0
419.0,442963.40625,5422361.5,4.1514573097229004,1.0,0.0
420.0,441323.40625,5419941.5,4.23974609375,1.0,0.0
421.0,442013.40625,5425931.5,4.3170418739318848,1.0,0.0
422.0,442673.40625,5417921.5,3.9099705219268799,1.0,0.0
423.0,439623.40625,5425201.5,4.2634167671203604,1.0,0.0
424.0,439553.40625,5426481.5,3.6265258789062496,1.0,0.0
425.0,445693.40625,5423341.5,5.4356241226196289,1.0,0.0
426.0,443593.40625,5423221.5,4.0238299369812012,1.0,0.0
427.0,440703.40625,5424071.5,3.893129825592041,1.0,0.0
428.0,438793.40625,5421951.5,4.0156726837158203,1.0,0.0
429.0,441373.40625,5418181.5,3.9622511863708496,1.0,0.0
430.0,440893.40625,5426681.5,3.651124238967896,1.0,0.0
431.0,442153.40625,5421911.5,4.1428766250610352,1.0,0.0
432.0,439523.40625,5423391.5,3.7294578552246089,1.0,0.0
433.0,440593.40625,5421971.5,4.2990198135375977,1.0,0.0
434.0,441813.40625,5422541.5,4.2366280555725098,1.0,0.0
435.0,439253.40625,5424301.5,4.4704575538635254,1.0,0.0
436.0,439853.40625,5421151.5,4.4861946105957022,1.0,0.0
437.0,445233.40625,5424211.5,5.3625659942626953,1.0,0.0
438.0,439723.40625,5423201.5,3.5853729248046871,1.0,0.0
439.0,439733.40625,5421901.5,3.900166511535645,1.0,0.0
440.0,441873.40625,5424251.5,3.9569330215454097,1.0,0.0
441.0,443383.40625,5419031.5,4.2394752502441406,1.0,0.0
442.0,440243.40625,5421301.5,4.2987775802612305,1.0,0.0
443.0,441263.40625,5419541.5,4.3374595642089844,1.0,0.0
444.0,443233.40625,5426911.5,4.7888755798339844,1.0,0.0
445.0,440993.40625,5423251.5,3.5944225788116455,1.0,0.0
446.0,443503.40625,5426521.5,5.3455333709716797,1.0,0.0
447.0,438203.40625,5420621.5,3.7217128276824951,1.0,0.0
448.0,443063.40625,5427091.5,4.5493502616882324,1.0,0.0
449.0,441283.40625,5417701.5,3.7956769466400151,1.0,0.0
450.0,439293.40625,5423561.5,3.884998083114624,1.0,0.0
451.0,443343.40625,5425391.5,4.3553705215454093,1.0,0.0
452.0,439283.40625,5420741.5,4.1218228340148926,1.0,0.0
453.0,445583.40625,5424151.5,5.2725276947021493,1.0,0.0
454.0,443503.40625,5423541.5,3.8334510326385502,1.0,0.0
455.0,439283.40625,5419781.5,4.2473759651184082,1.0,0.0
456.0,440833.40625,5418101.5,3.8560118675231929,1.0,0.0
457.0,442523.40625,5426551.5,4.0444083213806152,1.0,0.0
458.0,440303.40625,5425431.5,4.298469066619873,1.0,0.0
459.0,444043.40625,5422741.5,4.4737205505371085,1.0,0.0
460.0,441263.40625,5424221.5,4.0781798362731925,1.0,0.0
461.0,438773.40625,5421571.5,4.0778203010559082,1.0,0.0
462.0,443043.40625,5418501.5,4.2479777336120605,1.0,0.0
463.0,440543.40625,5423431.5,3.9941327571868896,1.0,0.0
464.0,445423.40625,5423361.5,4.9107103347778311,1.0,0.0
465.0,441313.40625,5424421.5,4.1376070976257324,1.0,0.0
466.0,440403.40625,5425681.5,6.910367488861084,1.0,0.0
467.0,439033.40625,5419801.5,4.0048809051513672,1.0,0.0
468.0,442413.40625,5428001.5,4.2974205017089844,1.0,0.0
469.0,444673.40625,5422401.5,4.3107566833496085,1.0,0.0
470.0,439423.40625,5426541.5,3.5922799110412602,1.0,0.0
471.0,442833.40625,5422141.5,3.953033447265625,1.0,0.0
472.0,440443.40625,5423831.5,4.3206844329833984,1.0,0.0
473.0,441653.40625,5420641.5,4.1400303840637207,1.0,0.0
474.0,438473.40625,5420101.5,3.6193001270294176,1.0,0.0
475.0,438563.40625,5424601.5,3.8682785034179687,1.0,0.0
476.0,443723.40625,5420451.5,4.4967498779296884,1.0,0.0
477.0,444903.40625,5420451.5,4.3783216476440421,1.0,0.0
478.0,444803.40625,5420001.5,4.1569805145263672,1.0,0.0
479.0,442983.40625,5420191.5,4.3367424011230469,1.0,0.0
480.0,438693.40625,5425521.5,3.93506908416748,1.0,0.0
481.0,441773.40625,5419691.5,4.3882942199707031,1.0,0.0
482.0,441113.40625,5422241.5,3.9023153781890874,1.0,0.0
483.0,441793.40625,5419411.5,4.1620974540710449,1.0,0.0
484.0,445363.40625,5423271.5,4.5902819633483887,1.0,0.0
485.0,444243.40625,5420651.5,4.5697555541992187,1.0,0.0
486.0,443893.40625,5425831.5,5.3414449691772461,1.0,0.0
487.0,441693.40625,5422311.5,4.2940196990966788,1.0,0.0
488.0,440233.40625,5423381.5,4.1363682746887207,1.0,0.0
489.0,445393.40625,5422961.5,5.1294159889221191,1.0,0.0
490.0,445133.40625,5423871.5,4.5731716156005859,1.0,0.0
491.0,442123.40625,5425901.5,4.4027290344238281,1.0,0.0
492.0,443103.40625,5419001.5,6.4809780120849618,1.0,0.0
493.0,446283.40625,5421501.5,5.2888369560241699,1.0,0.0
494.0,442063.40625,5427521.5,3.9619348049163814,1.0,0.0
495.0,444423.40625,5421571.5,4.464399814605712,1.0,0.0
496.0,440013.40625,5422211.5,4.2459721565246573,1.0,0.0
497.0,443443.40625,5423591.5,3.904640674591064,1.0,0.0
498.0,441473.40625,5418021.5,3.8207492828369145,1.0,0.0
499.0,438153.40625,5422231.5,3.8149559497833248,1.0,0.0
500.0,441803.40625,5418591.5,3.7739560604095455,1.0,0.0
501.0,444293.40625,5422661.5,4.3383564949035645,1.0,0.0
502.0,440763.40625,5423691.5,3.807886838912963,1.0,0.0
503.0,439073.40625,5423381.5,3.9334733486175537,1.0,0.0
504.0,441943.40625,5420931.5,4.4582309722900382,1.0,0.0
505.0,440403.40625,5418551.5,4.3239970207214364,1.0,0.0
506.0,442663.40625,5419501.5,4.070744514465332,1.0,0.0
507.0,442423.40625,5418171.5,4.0822591781616211,1.0,0.0
508.0,441213.40625,5424141.5,3.9871890544891362,1.0,0.0
509.0,443533.40625,5418841.5,3.9814562797546391,1.0,0.0
510.0,442933.40625,5427181.5,4.4837265014648437,1.0,0.0
511.0,441603.40625,5425411.5,5.3989400863647452,1.0,0.0
512.0,440653.40625,5419421.5,4.2731022834777832,1.0,0.0
513.0,445733.40625,5421001.5,4.6741352081298828,1.0,0.0
514.0,438613.40625,5421561.5,3.9684762954711919,1.0,0.0
515.0,439883.40625,5419341.5,3.7879104614257808,1.0,0.0
516.0,441333.40625,5424301.5,4.1620655059814444,1.0,0.0
517.0,442603.40625,5426121.5,4.441352367401123,1.0,0.0
518.0,441793.40625,5418831.5,3.8617959022521968,1.0,0.0
519.0,439463.40625,5426281.5,3.6676607131958008,1.0,0.0
520.0,444033.40625,5425151.5,4.4697184562683114,1.0,0.0
521.0,439203.40625,5421901.5,4.1624274253845215,1.0,0.0
522.0,437733.40625,5423521.5,3.8212556838989258,1.0,0.0
523.0,439313.40625,5419921.5,4.3768196105957022,1.0,0.0
524.0,438203.40625,5423061.5,4.2657794952392578,1.0,0.0
525.0,442133.40625,5425801.5,4.4627385139465332,1.0,0.0
526.0,441413.40625,5419641.5,4.5601081848144531,1.0,0.0
527.0,441643.40625,5424971.5,4.4237737655639648,1.0,0.0
528.0,439523.40625,5423321.5,3.7164812088012695,1.0,0.0
529.0,438373.40625,5420341.5,3.695765495300293,1.0,0.0
530.0,438023.40625,5424401.5,3.7581727504730225,1.0,0.0
531.0,443573.40625,5419561.5,4.2888731956481925,1.0,0.0
532.0,440143.40625,5419541.5,3.8089206218719478,1.0,0.0
533.0,442573.40625,5426881.5,4.0366387367248535,1.0,0.0
534.0,439983.40625,5426181.5,4.2269420623779297,1.0,0.0
535.0,442823.40625,5421181.5,4.3834037780761719,1.0,0.0
536.0,443303.40625,5426881.5,4.9444737434387207,1.0,0.0
537.0,442743.40625,5426491.5,4.2356958389282235,1.0,0.0
538.0,438343.40625,5420311.5,3.7423863410949703,1.0,0.0
539.0,442093.40625,5420591.5,4.4988579750061044,1.0,0.0
540.0,439373.40625,5422391.5,3.8858003616333008,1.0,0.0
541.0,438803.40625,5424761.5,4.2183494567871085,1.0,0.0
542.0,439823.40625,5425481.5,4.0586543083190918,1.0,0.0
543.0,441603.40625,5426511.5,3.9121458530426017,1.0,0.0
544.0,440733.40625,5418121.5,3.8318736553192134,1.0,0.0
545.0,443993.40625,5419751.5,4.010326862335206,1.0,0.0
546.0,442003.40625,5418301.5,3.6660890579223633,1.0,0.0
547.0,440143.40625,5424371.5,4.3120293617248535,1.0,0.0
548.0,444053.40625,5425291.5,4.5365452766418457,1.0,0.0
549.0,444423.40625,5423031.5,4.4833583831787109,1.0,0.0
550.0,443913.40625,5421711.5,4.364861011505127,1.0,0.0
551.0,441343.40625,5425331.5,5.7261409759521484,1.0,0.0
552.0,444983.40625,5422211.5,4.3764057159423837,1.0,0.0
553.0,443423.40625,5420011.5,4.5067195892333984,1.0,0.0
554.0,442313.40625,5427241.5,4.0206446647644043,1.0,0.0
555.0,444703.40625,5420311.5,4.3140764236450204,1.0,0.0
556.0,442823.40625,5425001.5,4.1445584297180167,1.0,0.0
557.0,442173.40625,5417971.5,3.8650307655334473,1.0,0.0
558.0,442643.40625,5417931.5,3.9293136596679687,1.0,0.0
559.0,441053.40625,5422621.5,3.7789103984832759,1.0,0.0
560.0,440043.40625,5420041.5,3.795066356658936,1.0,0.0
561.0,443523.40625,5423111.5,4.0384335517883292,1.0,0.0
562.0,443483.40625,5419251.5,4.2152447700500488,1.0,0.0
563.0,445623.40625,5424141.5,5.2479004859924316,1.0,0.0
564.0,441373.40625,5418571.5,4.0102219581604004,1.0,0.0
565.0,441443.40625,5418731.5,3.9447541236877441,1.0,0.0
566.0,443583.40625,5425671.5,4.5872073173522949,1.0,0.0
567.0,437663.40625,5423991.5,3.8039827346801758,1.0,0.0
568.0,443903.40625,5425351.5,4.4502105712890634,1.0,0.0
569.0,441423.40625,5422411.5,4.1184773445129395,1.0,0.0
570.0,441673.40625,5424101.5,4.2107734680175772,1.0,0.0
571.0,442983.40625,5427611.5,4.4557914733886719,1.0,0.0
572.0,444223.40625,5425111.5,4.5891075134277344,1.0,0.0
573.0,440443.40625,5421031.5,4.2660880088806152,1.0,0.0
574.0,440443.40625,5420911.5,4.0806331634521484,1.0,0.0
575.0,444323.40625,5423701.5,4.0717606544494629,1.0,0.0
576.0,445613.40625,5422161.5,4.9646825790405273,1.0,0.0
577.0,443353.40625,5419891.5,4.5339260101318359,1.0,0.0
578.0,442043.40625,5426421.5,4.0457558631896964,1.0,0.0
579.0,439043.40625,5425251.5,3.7460224628448486,1.0,0.0
580.0,439133.40625,5420951.5,3.9189434051513672,1.0,0.0
581.0,438873.40625,5423931.5,6.5122923851013184,1.0,0.0
582.0,443733.40625,5424941.5,4.3516883850097656,1.0,0.0
583.0,440793.40625,5420811.5,4.045781135559082,1.0,0.0
584.0,441463.40625,5426511.5,3.9100461006164551,1.0,0.0
585.0,446053.40625,5421271.5,5.4392023086547852,1.0,0.0
586.0,445003.40625,5423991.5,4.4168167114257804,1.0,0.0
587.0,439713.40625,5424351.5,4.3344640731811523,1.0,0.0
588.0,439543.40625,5424681.5,4.3585548400878906,1.0,0.0
589.0,440903.40625,5422581.5,3.833732128143311,1.0,0.0
590.0,443033.40625,5422201.5,4.264073371887207,1.0,0.0
591.0,443753.40625,5420051.5,4.3030920028686523,1.0,0.0
592.0,443533.40625,5425991.5,5.7191586494445792,1.0,0.0
593.0,441453.40625,5418681.5,3.9410791397094727,1.0,0.0
594.0,442873.40625,5420401.5,4.4261479377746573,1.0,0.0
595.0,444933.40625,5422211.5,4.3940820693969727,1.0,0.0
596.0,443923.40625,5421771.5,4.339508056640625,1.0,0.0
597.0,441843.40625,5424351.5,4.0239505767822266,1.0,0.0
598.0,442013.40625,5424831.5,4.0855350494384766,1.0,0.0
599.0,438053.40625,5423281.5,4.2277655601501447,1.0,0.0
600.0,443363.40625,5421041.5,4.6213788986206046,1.0,0.0
601.0,441603.40625,5421021.5,4.422797679901123,1.0,0.0
602.0,441713.40625,5419631.5,4.4074831008911124,1.0,0.0
603.0,440793.40625,5420801.5,4.0426144599914551,1.0,0.0
604.0,441483.40625,5424041.5,6.7963199615478516,1.0,0.0
605.0,440163.40625,5418661.5,4.2910199165344247,1.0,0.0
606.0,438793.40625,5422131.5,3.7773492336273193,1.0,0.0
607.0,440313.40625,5423801.5,5.2946810722351074,1.0,0.0
608.0,439753.40625,5424731.5,4.3277974128723136,1.0,0.0
609.0,438473.40625,5420731.5,3.8278136253356929,1.0,0.0
610.0,443283.40625,5418251.5,3.8773767948150639,1.0,0.0
611.0,441093.40625,5421541.5,4.4578952789306632,1.0,0.0
612.0,442413.40625,5426801.5,3.997183322906495,1.0,0.0
613.0,441863.40625,5425661.5,4.4108166694641113,1.0,0.0
614.0,438773.40625,5422291.5,3.6329498291015625,1.0,0.0
615.0,442793.40625,5419431.5,4.1333303451538077,1.0,0.0
616.0,442943.40625,5427641.5,4.4405555725097656,1.0,0.0
617.0,442533.40625,5418611.5,4.0233111381530762,1.0,0.0
618.0,444233.40625,5425371.5,5.4657301902771005,1.0,0.0
619.0,441133.40625,5423961.5,3.9436464309692383,1.0,0.0
620.0,442383.40625,5420161.5,4.2173080444335938,1.0,0.0
621.0,440473.40625,5418621.5,4.3234372138977051,1.0,0.0
622.0,439263.40625,5420271.5,4.1012015342712402,1.0,0.0
623.0,440053.40625,5419291.5,3.9413673877716064,1.0,0.0
624.0,446243.40625,5421591.5,5.3738093376159668,1.0,0.0
625.0,438533.40625,5424861.5,3.743538618087769,1.0,0.0
626.0,440853.40625,5426101.5,4.164794921875,1.0,0.0
627.0,445063.40625,5421531.5,5.5219330787658691,1.0,0.0
628.0,439973.40625,5422911.5,3.7391209602355961,1.0,0.0
629.0,443633.40625,5425911.5,5.8097686767578116,1.0,0.0
630.0,443093.40625,5424751.5,3.9656105041503902,1.0,0.0
631.0,438293.40625,5422641.5,4.0231375694274893,1.0,0.0
632.0,441703.40625,5420501.5,4.1746697425842285,1.0,0.0
633.0,441673.40625,5424841.5,4.3363938331604004,1.0,0.0
634.0,439543.40625,5424021.5,4.0274019241332999,1.0,0.0
635.0,444243.40625,5425611.5,5.3930902481079102,1.0,0.0
636.0,438223.40625,5422771.5,4.22196340560913,1.0,0.0
637.0,439373.40625,5423871.5,4.0069823265075684,1.0,0.0
638.0,445123.40625,5421971.5,4.4901046752929687,1.0,0.0
639.0,442693.40625,5421041.5,4.4778575897216797,1.0,0.0
640.0,444903.40625,5423961.5,4.4028329849243164,1.0,0.0
641.0,441423.40625,5421481.5,4.3478007316589364,1.0,0.0
642.0,443673.40625,5424281.5,4.3838214874267578,1.0,0.0
643.0,443273.40625,5418231.5,3.8593671321868896,1.0,0.0
644.0,445203.40625,5422091.5,4.4749121665954581,1.0,0.0
645.0,443683.40625,5420981.5,5.6995329856872559,1.0,0.0
646.0,444733.40625,5423471.5,4.2848172187805176,1.0,0.0
647.0,443263.40625,5418751.5,4.1952013969421387,1.0,0.0
648.0,444893.40625,5423541.5,4.3714752197265625,1.0,0.0
649.0,445053.40625,5424421.5,5.4683585166931152,1.0,0.0
650.0,442083.40625,5423361.5,3.692529439926147,1.0,0.0
651.0,440433.40625,5424291.5,4.0874109268188477,1.0,0.0
652.0,442483.40625,5420551.5,4.5101490020751953,1.0,0.0
653.0,440783.40625,5418831.5,4.2587065696716309,1.0,0.0
654.0,441943.40625,5426961.5,3.8464891910552974,1.0,0.0
655.0,442773.40625,5419451.5,4.1191105842590332,1.0,0.0
656.0,443733.40625,5425471.5,4.4585952758789054,1.0,0.0
657.0,439903.40625,5418651.5,4.1767253875732413,1.0,0.0
658.0,444853.40625,5422241.5,4.411841869354248,1.0,0.0
659.0,437443.40625,5422921.5,3.8087644577026367,1.0,0.0
660.0,442153.40625,5419751.5,4.0975022315979004,1.0,0.0
661.0,442463.40625,5422291.5,3.8945879936218257,1.0,0.0
662.0,445553.40625,5421961.5,4.5718240737915039,1.0,0.0
663.0,440473.40625,5422331.5,4.2506232261657715,1.0,0.0
664.0,442113.40625,5426011.5,4.3200855255126944,1.0,0.0
665.0,441143.40625,5419351.5,4.3234615325927725,1.0,0.0
666.0,437953.40625,5422211.5,3.9764704704284664,1.0,0.0
667.0,440013.40625,5420261.5,3.8717143535614009,1.0,0.0
668.0,442713.40625,5422361.5,3.8778045177459721,1.0,0.0
669.0,445803.40625,5421011.5,5.2413277626037598,1.0,0.0
670.0,437803.40625,5423061.5,3.9972758293151855,1.0,0.0
671.0,443483.40625,5421321.5,4.4903273582458496,1.0,0.0
672.0,441923.40625,5424281.5,3.933917760848999,1.0,0.0
673.0,443703.40625,5422791.5,4.5537643432617196,1.0,0.0
674.0,442153.40625,5423861.5,3.7443675994873047,1.0,0.0
675.0,442573.40625,5419591.5,3.9603986740112305,1.0,0.0
676.0,439353.40625,5426351.5,3.6604201793670654,1.0,0.0
677.0,443563.40625,5425711.5,4.6636972427368164,1.0,0.0
678.0,445793.40625,5423351.5,5.241826057434082,1.0,0.0
679.0,442223.40625,5420231.5,4.4519901275634766,1.0,0.0
680.0,443523.40625,5422681.5,4.3220467567443848,1.0,0.0
681.0,441983.40625,5418701.5,3.8394160270690918,1.0,0.0
682.0,440443.40625,5425391.5,4.3570866584777832,1.0,0.0
683.0,440593.40625,5422391.5,4.3627920150756836,1.0,0.0
684.0,445023.40625,5421401.5,5.4009256362915039,1.0,0.0
685.0,445383.40625,5422261.5,4.5993342399597168,1.0,0.0
686.0,441823.40625,5419041.5,3.9369795322418208,1.0,0.0
687.0,438053.40625,5423511.5,3.9025928974151607,1.0,0.0
688.0,438953.40625,5425701.5,4.4002647399902335,1.0,0.0
689.0,441483.40625,5418101.5,3.8410053253173833,1.0,0.0
690.0,445513.40625,5423981.5,5.1930112838745117,1.0,0.0
691.0,441563.40625,5421731.5,4.2520160675048828,1.0,0.0
692.0,440963.40625,5423191.5,3.6791424751281734,1.0,0.0
693.0,444503.40625,5422711.5,4.4465489387512207,1.0,0.0
694.0,441713.40625,5426841.5,3.7949416637420654,1.0,0.0
695.0,441363.40625,5426171.5,3.9587140083312993,1.0,0.0
696.0,441693.40625,5420131.5,4.3648571968078604,1.0,0.0
697.0,442983.40625,5424931.5,4.0150628089904794,1.0,0.0
698.0,445543.40625,5422041.5,4.6030631065368652,1.0,0.0
699.0,442773.40625,5425301.5,4.4710822105407715,1.0,0.0
700.0,441463.40625,5425721.5,4.1787781715393066,1.0,0.0
701.0,441783.40625,5424031.5,4.0083074569702148,1.0,0.0
702.0,443773.40625,5418701.5,3.8480718135833745,1.0,0.0
703.0,444463.40625,5424051.5,4.2093806266784668,1.0,0.0
704.0,441473.40625,5422141.5,4.005681037902832,1.0,0.0
705.0,441533.40625,5421231.5,7.0390911102294931,1.0,0.0
706.0,440593.40625,5419751.5,3.9223768711090079,1.0,0.0
707.0,438923.40625,5424641.5,4.1271824836730957,1.0,0.0
708.0,443573.40625,5425371.5,4.3398103713989258,1.0,0.0
709.0,443933.40625,5425821.5,5.3031182289123535,1.0,0.0
710.0,442813.40625,5424011.5,4.0808138847351074,1.0,0.0
711.0,439403.40625,5425851.5,3.901334285736084,1.0,0.0
712.0,445283.40625,5420281.5,4.3123288154602051,1.0,0.0
713.0,446283.40625,5421491.5,5.2806224822998047,1.0,0.0
714.0,439333.40625,5420491.5,4.2730283737182617,1.0,0.0
715.0,445613.40625,5422561.5,5.4132347106933603,1.0,0.0
716.0,443963.40625,5419181.5,3.9253659248352046,1.0,0.0
717.0,445183.40625,5423051.5,5.2211117744445801,1.0,0.0
718.0,442543.40625,5422941.5,3.6655552387237536,1.0,0.0
719.0,440533.40625,5418721.5,4.2511115074157715,1.0,0.0
720.0,444333.40625,5419831.5,4.0181155204772958,1.0,0.0
721.0,440913.40625,5426671.5,3.7176694869995122,1.0,0.0
722.0,441023.40625,5419971.5,4.0527796745300284,1.0,0.0
723.0,438243.40625,5423581.5,4.0132913589477539,1.0,0.0
724.0,439243.40625,5423891.5,4.1207036972045898,1.0,0.0
725.0,439883.40625,5419841.5,3.7907340526580806,1.0,0.0
726.0,444153.40625,5420531.5,4.4295477867126465,1.0,0.0
727.0,440983.40625,5422071.5,3.9376280307769775,1.0,0.0
728.0,445303.40625,5421971.5,4.4287495613098145,1.0,0.0
729.0,440983.40625,5421651.5,4.2315554618835449,1.0,0.0
730.0,440833.40625,5424781.5,4.1974711418151855,1.0,0.0
731.0,443403.40625,5419021.5,4.2025671005249023,1.0,0.0
732.0,442143.40625,5420831.5,4.5114765167236328,1.0,0.0
733.0,445613.40625,5423831.5,5.2256078720092765,1.0,0.0
734.0,440373.40625,5421651.5,4.1167964935302734,1.0,0.0
735.0,443053.40625,5420161.5,4.3969001770019531,1.0,0.0
736.0,444553.40625,5423101.5,4.4871101379394531,1.0,0.0
737.0,442513.40625,5426991.5,4.058149814605712,1.0,0.0
738.0,439553.40625,5422641.5,3.8919098377227774,1.0,0.0
739.0,440353.40625,5424791.5,4.4877529144287109,1.0,0.0
740.0,442453.40625,5427651.5,4.0792217254638672,1.0,0.0
741.0,438743.40625,5424791.5,4.0990424156188956,1.0,0.0
742.0,442973.40625,5420771.5,5.7595314979553214,1.0,0.0
743.0,444293.40625,5420941.5,5.6356120109558114,1.0,0.0
744.0,439363.40625,5424311.5,4.3748536109924316,1.0,0.0
745.0,444343.40625,5421601.5,4.5203204154968253,1.0,0.0
746.0,445663.40625,5423411.5,5.4797773361206046,1.0,0.0
747.0,443653.40625,5426161.5,5.403348445892334,1.0,0.0
748.0,444853.40625,5421491.5,5.3736000061035156,1.0,0.0
749.0,442703.40625,5420901.5,5.9767608642578125,1.0,0.0
750.0,438953.40625,5420801.5,4.2874422073364258,1.0,0.0
751.0,441313.40625,5424371.5,4.1331477165222168,1.0,0.0
752.0,444893.40625,5423931.5,4.4307451248168954,1.0,0.0
753.0,443903.40625,5421551.5,4.4634227752685547,1.0,0.0
754.0,443953.40625,5421841.5,4.3248825073242187,1.0,0.0
755.0,444253.40625,5420951.5,5.8263115882873535,1.0,0.0
756.0,442473.40625,5418301.5,4.1751594543457031,1.0,0.0
757.0,441083.40625,5419611.5,4.2660841941833496,1.0,0.0
758.0,440333.40625,5419801.5,3.7550048828125,1.0,0.0
759.0,440423.40625,5418471.5,4.2478899955749512,1.0,0.0
760.0,439983.40625,5421671.5,3.915858268737793,1.0,0.0
761.0,440363.40625,5422121.5,4.6450986862182617,1.0,0.0
762.0,439273.40625,5422951.5,3.681465625762939,1.0,0.0
763.0,443933.40625,5425471.5,5.0854878425598145,1.0,0.0
764.0,442163.40625,5421311.5,4.4731106758117676,1.0,0.0
765.0,445023.40625,5422261.5,4.3663234710693368,1.0,0.0
766.0,438503.40625,5420821.5,3.9365034103393546,1.0,0.0
767.0,440193.40625,5423111.5,3.7526371479034415,1.0,0.0
768.0,442233.40625,5423211.5,3.6540431976318359,1.0,0.0
769.0,438863.40625,5425011.5,3.8448472023010249,1.0,0.0
770.0,443323.40625,5418541.5,3.9875059127807617,1.0,0.0
771.0,439013.40625,5423411.5,3.9441888332366943,1.0,0.0
772.0,439323.40625,5420611.5,4.2666678428649902,1.0,0.0
773.0,442933.40625,5427361.5,4.4589271545410156,1.0,0.0
774.0,442423.40625,5417921.5,3.8954074382781982,1.0,0.0
775.0,437503.40625,5422111.5,3.7046167850494385,1.0,0.0
776.0,442453.40625,5426791.5,4.0006933212280273,1.0,0.0
777.0,443733.40625,5424581.5,5.4425721168518075,1.0,0.0
778.0,444593.40625,5421521.5,4.9565401077270508,1.0,0.0
779.0,440493.40625,5419861.5,3.746035099029541,1.0,0.0
780.0,444023.40625,5420561.5,4.4412899017333984,1.0,0.0
781.0,441833.40625,5421521.5,4.7319893836975098,1.0,0.0
782.0,441403.40625,5422431.5,4.1084022521972656,1.0,0.0
783.0,438363.40625,5420581.5,3.8370223045349121,1.0,0.0
784.0,443143.40625,5419271.5,4.4659423828125,1.0,0.0
785.0,440143.40625,5420101.5,3.8181056976318359,1.0,0.0
786.0,442993.40625,5425531.5,4.6647686958312988,1.0,0.0
787.0,439423.40625,5422791.5,3.7088172435760498,1.0,0.0
788.0,442103.40625,5424971.5,4.2708196640014648,1.0,0.0
789.0,437903.40625,5423561.5,3.8124463558197026,1.0,0.0
790.0,440873.40625,5422131.5,3.9967830181121831,1.0,0.0
791.0,439973.40625,5421161.5,4.3063826560974121,1.0,0.0
792.0,441913.40625,5422601.5,4.0671982765197754,1.0,0.0
793.0,441743.40625,5418881.5,3.8952684402465825,1.0,0.0
794.0,443623.40625,5421891.5,4.3091058731079102,1.0,0.0
795.0,437943.40625,5423021.5,4.3806371688842756,1.0,0.0
796.0,438503.40625,5424391.5,3.8690159320831294,1.0,0.0
797.0,441043.40625,5422601.5,3.7791063785552974,1.0,0.0
798.0,443753.40625,5422181.5,4.0034427642822266,1.0,0.0
799.0,443683.40625,5422841.5,4.3209042549133301,1.0,0.0
800.0,443003.40625,5426881.5,4.3247146606445313,1.0,0.0
801.0,440773.40625,5425681.5,4.0792632102966309,1.0,0.0
802.0,441333.40625,5425391.5,4.4659686088562012,1.0,0.0
803.0,443973.40625,5422721.5,4.3496742248535156,1.0,0.0
804.0,441123.40625,5426191.5,4.2196874618530273,1.0,0.0
805.0,444953.40625,5420781.5,4.46177053451538,1.0,0.0
806.0,441903.40625,5426831.5,3.8472292423248287,1.0,0.0
807.0,439843.40625,5422381.5,4.1629862785339364,1.0,0.0
808.0,440473.40625,5418771.5,4.463329315185546,1.0,0.0
809.0,441953.40625,5426771.5,3.8734261989593506,1.0,0.0
810.0,440683.40625,5422611.5,4.2082371711730948,1.0,0.0
811.0,439163.40625,5422011.5,4.0232090950012207,1.0,0.0
812.0,438863.40625,5424931.5,4.0154972076416007,1.0,0.0
813.0,439503.40625,5423951.5,4.0057201385498047,1.0,0.0
814.0,443953.40625,5424191.5,4.0837697982788086,1.0,0.0
815.0,442753.40625,5423031.5,3.8178787231445312,1.0,0.0
816.0,445633.40625,5421291.5,5.4160752296447754,1.0,0.0
817.0,442003.40625,5425581.5,5.3187346458435067,1.0,0.0
818.0,440643.40625,5419611.5,4.0879716873168954,1.0,0.0
819.0,440333.40625,5421721.5,4.0860400199890137,1.0,0.0
820.0,440753.40625,5419221.5,4.3024091720581055,1.0,0.0
821.0,438883.40625,5420531.5,4.3565888404846191,1.0,0.0
822.0,441963.40625,5425191.5,4.479557991027832,1.0,0.0
823.0,443123.40625,5418461.5,4.1143932342529288,1.0,0.0
824.0,438313.40625,5424121.5,4.3478097915649405,1.0,0.0
825.0,440633.40625,5423161.5,3.7402880191802974,1.0,0.0
826.0,442423.40625,5417891.5,3.8957448005676265,1.0,0.0
827.0,443093.40625,5420041.5,4.4554018974304199,1.0,0.0
828.0,438413.40625,5423561.5,4.2364673614501953,1.0,0.0
829.0,443083.40625,5425391.5,4.460381031036377,1.0,0.0
830.0,442883.40625,5419731.5,4.194471836090087,1.0,0.0
831.0,442483.40625,5420241.5,4.2377815246582022,1.0,0.0
832.0,442453.40625,5427931.5,4.2906193733215332,1.0,0.0
833.0,439683.40625,5424531.5,7.3795399665832528,1.0,0.0
834.0,440423.40625,5419961.5,3.8191754817962646,1.0,0.0
835.0,443703.40625,5422951.5,4.3200006484985352,1.0,0.0
836.0,440513.40625,5426531.5,3.7433049678802486,1.0,0.0
837.0,441693.40625,5423061.5,4.112555980682373,1.0,0.0
838.0,441393.40625,5422751.5,4.1100850105285636,1.0,0.0
839.0,442543.40625,5424171.5,3.9010820388793954,1.0,0.0
840.0,442773.40625,5422561.5,3.8272552490234375,1.0,0.0
841.0,438863.40625,5419921.5,3.8373599052429199,1.0,0.0
842.0,438783.40625,5423281.5,3.9183981418609615,1.0,0.0
843.0,440023.40625,5424361.5,4.3359928131103516,1.0,0.0
844.0,439803.40625,5421131.5,4.3715085983276367,1.0,0.0
845.0,440953.40625,5423931.5,3.7792999744415279,1.0,0.0
846.0,441083.40625,5423331.5,3.6769511699676514,1.0,0.0
847.0,442673.40625,5418391.5,4.2667183876037598,1.0,0.0
848.0,441603.40625,5423631.5,3.9492573738098145,1.0,0.0
849.0,440323.40625,5423011.5,3.7267756462097159,1.0,0.0
850.0,440073.40625,5424001.5,4.0476908683776864,1.0,0.0
851.0,438663.40625,5425151.5,3.6751399040222168,1.0,0.0
852.0,442993.40625,5424141.5,4.1593031883239755,1.0,0.0
853.0,441543.40625,5422911.5,4.1435985565185547,1.0,0.0
854.0,440253.40625,5421351.5,4.3115615844726563,1.0,0.0
855.0,441273.40625,5418321.5,4.0890364646911612,1.0,0.0
856.0,445853.40625,5421581.5,4.999889373779296,1.0,0.0
857.0,443493.40625,5420511.5,5.3160767555236816,1.0,0.0
858.0,443003.40625,5425181.5,4.2233662605285636,1.0,0.0
859.0,441633.40625,5424841.5,4.3717670440673828,1.0,0.0
860.0,443053.40625,5423841.5,4.3121528625488281,1.0,0.0
861.0,444173.40625,5425471.5,5.5586686134338379,1.0,0.0
862.0,441303.40625,5417951.5,3.9054279327392578,1.0,0.0
863.0,442383.40625,5419381.5,3.9105956554412842,1.0,0.0
864.0,445333.40625,5423481.5,4.9882030487060556,1.0,0.0
865.0,443663.40625,5425331.5,4.3486790657043457,1.0,0.0
866.0,439683.40625,5422781.5,4.0945320129394531,1.0,0.0
867.0,439773.40625,5420051.5,3.8433659076690678,1.0,0.0
868.0,440383.40625,5421141.5,4.362511157989502,1.0,0.0
869.0,444143.40625,5423181.5,4.3146114349365243,1.0,0.0
870.0,440583.40625,5421831.5,4.2966070175170898,1.0,0.0
871.0,439563.40625,5424711.5,4.3818292617797852,1.0,0.0
872.0,443113.40625,5425401.5,4.4539828300476083,1.0,0.0
873.0,438313.40625,5424081.5,4.2843255996704093,1.0,0.0
874.0,439373.40625,5426111.5,3.7398898601531982,1.0,0.0
875.0,445423.40625,5422141.5,4.4304027557373047,1.0,0.0
876.0,437403.40625,5422911.5,3.7330882549285889,1.0,0.0
877.0,443833.40625,5424981.5,4.3984088897705078,1.0,0.0
878.0,442123.40625,5419861.5,4.2078723907470703,1.0,0.0
879.0,440273.40625,5421101.5,4.3352627754211435,1.0,0.0
880.0,442323.40625,5418661.5,3.9123880863189697,1.0,0.0
881.0,443323.40625,5425731.5,5.868922233581543,1.0,0.0
882.0,438083.40625,5422831.5,4.1887435913085946,1.0,0.0
883.0,439563.40625,5421841.5,3.9209253787994376,1.0,0.0
884.0,439453.40625,5420481.5,4.2726016044616699,1.0,0.0
885.0,441743.40625,5418561.5,3.8022351264953609,1.0,0.0
886.0,440823.40625,5422651.5,3.8316292762756343,1.0,0.0
887.0,439203.40625,5426421.5,3.6381132602691646,1.0,0.0
888.0,441993.40625,5427331.5,3.8948688507080078,1.0,0.0
889.0,439403.40625,5420771.5,4.1697607040405273,1.0,0.0
890.0,441603.40625,5420871.5,4.2657179832458496,1.0,0.0
891.0,441363.40625,5420191.5,4.0724544525146484,1.0,0.0
892.0,441393.40625,5421571.5,4.2675347328186044,1.0,0.0
893.0,444663.40625,5424651.5,4.9904508590698242,1.0,0.0
894.0,439963.40625,5418831.5,4.5083880424499512,1.0,0.0
895.0,442383.40625,5422731.5,3.8193955421447754,1.0,0.0
896.0,440463.40625,5425131.5,4.4473953247070313,1.0,0.0
897.0,440223.40625,5423151.5,3.8313694000244145,1.0,0.0
898.0,441173.40625,5418001.5,4.3202652931213379,1.0,0.0
899.0,443363.40625,5422311.5,4.0060338973999023,1.0,0.0
900.0,443643.40625,5422361.5,3.9644458293914799,1.0,0.0
901.0,440153.40625,5419231.5,4.2111349105834961,1.0,0.0
902.0,444173.40625,5425301.5,4.8868346214294434,1.0,0.0
903.0,439763.40625,5418831.5,4.180572509765625,1.0,0.0
904.0,440023.40625,5418731.5,4.3850622177124015,1.0,0.0
905.0,443313.40625,5423461.5,3.8490839004516602,1.0,0.0
906.0,442523.40625,5426121.5,4.4437174797058105,1.0,0.0
907.0,441103.40625,5423161.5,3.7235615253448486,1.0,0.0
908.0,438573.40625,5422091.5,3.6462178230285649,1.0,0.0
909.0,444313.40625,5421601.5,4.6020998954772949,1.0,0.0
910.0,438423.40625,5424881.5,3.6627223491668706,1.0,0.0
911.0,445713.40625,5423801.5,5.2804908752441406,1.0,0.0
912.0,440193.40625,5424731.5,6.5119318962097159,1.0,0.0
913.0,443483.40625,5426721.5,5.7969412803649902,1.0,0.0
914.0,442993.40625,5425541.5,4.7220635414123526,1.0,0.0
915.0,438653.40625,5420041.5,3.7862026691436768,1.0,0.0
916.0,443793.40625,5422901.5,4.3421926498413086,1.0,0.0
917.0,441613.40625,5424631.5,4.3522467613220206,1.0,0.0
918.0,441233.40625,5418891.5,4.1980471611022949,1.0,0.0
919.0,439693.40625,5420341.5,3.952013492584229,1.0,0.0
920.0,441733.40625,5426411.5,3.9754316806793208,1.0,0.0
921.0,441943.40625,5421781.5,4.3693523406982404,1.0,0.0
922.0,440483.40625,5425731.5,4.2756519317626953,1.0,0.0
923.0,444223.40625,5424551.5,4.3251857757568359,1.0,0.0
924.0,444523.40625,5420671.5,4.4363398551940918,1.0,0.0
925.0,444693.40625,5420151.5,4.2300639152526855,1.0,0.0
926.0,441473.40625,5423881.5,4.2015342712402335,1.0,0.0
927.0,439553.40625,5426301.5,3.6804344654083248,1.0,0.0
928.0,441193.40625,5425481.5,4.5669560432434082,1.0,0.0
929.0,440383.40625,5423841.5,4.2510147094726562,1.0,0.0
930.0,439333.40625,5423951.5,4.1041936874389648,1.0,0.0
931.0,441323.40625,5425341.5,5.6920409202575684,1.0,0.0
932.0,439913.40625,5423541.5,3.8383030891418466,1.0,0.0
933.0,440053.40625,5424331.5,4.3776311874389648,1.0,0.0
934.0,437523.40625,5422551.5,3.6285872459411617,1.0,0.0
935.0,439023.40625,5425551.5,4.6548147201538086,1.0,0.0
936.0,440603.40625,5424751.5,4.2388610839843741,1.0,0.0
937.0,443903.40625,5422791.5,4.5321502685546884,1.0,0.0
938.0,443853.40625,5419761.5,4.0741968154907235,1.0,0.0
939.0,445643.40625,5421931.5,4.7663631439208967,1.0,0.0
940.0,439513.40625,5420281.5,4.090144157409668,1.0,0.0
941.0,438573.40625,5424111.5,4.0278525352478027,1.0,0.0
942.0,440853.40625,5425361.5,4.490053653717041,1.0,0.0
943.0,444313.40625,5421101.5,5.6107192039489755,1.0,0.0
944.0,442763.40625,5421351.5,4.2261576652526855,1.0,0.0
945.0,443623.40625,5421191.5,4.5044422149658212,1.0,0.0
946.0,441753.40625,5425751.5,4.2600736618041992,1.0,0.0
947.0,438883.40625,5424121.5,4.2476201057434082,1.0,0.0
948.0,443843.40625,5423951.5,4.0096096992492676,1.0,0.0
949.0,439943.40625,5424311.5,4.0938634872436523,1.0,0.0
950.0,443513.40625,5421741.5,4.4790148735046396,1.0,0.0
951.0,444603.40625,5424611.5,4.5040979385375977,1.0,0.0
952.0,445473.40625,5421231.5,5.3738522529602051,1.0,0.0
953.0,438473.40625,5421421.5,3.658458948135376,1.0,0.0
954.0,443553.40625,5425231.5,4.1981487274169922,1.0,0.0
955.0,441153.40625,5426811.5,3.6813790798187256,1.0,0.0
956.0,441213.40625,5423111.5,3.8810424804687504,1.0,0.0
957.0,441883.40625,5425951.5,4.2779250144958496,1.0,0.0
958.0,443323.40625,5427161.5,5.7866487503051767,1.0,0.0
959.0,439633.40625,5422671.5,4.0157437324523926,1.0,0.0
960.0,438163.40625,5422501.5,4.1580424308776855,1.0,0.0
961.0,443433.40625,5425081.5,4.1142339706420898,1.0,0.0
962.0,444743.40625,5424361.5,5.0490975379943839,1.0,0.0
963.0,440343.40625,5421431.5,4.2390198707580566,1.0,0.0
964.0,439453.40625,5419531.5,3.8529191017150879,1.0,0.0
965.0,443603.40625,5426521.5,5.7466473579406738,1.0,0.0
966.0,443503.40625,5421711.5,4.4977102279663095,1.0,0.0
967.0,441433.40625,5420301.5,4.0848679542541504,1.0,0.0
968.0,441353.40625,5419291.5,4.3641762733459464,1.0,0.0
969.0,442663.40625,5422021.5,3.9393272399902335,1.0,0.0
970.0,439083.40625,5424491.5,4.242344856262207,1.0,0.0
971.0,441313.40625,5425041.5,4.4797897338867196,1.0,0.0
972.0,439393.40625,5422001.5,4.1472764015197754,1.0,0.0
973.0,439603.40625,5424251.5,4.2196063995361328,1.0,0.0
974.0,441573.40625,5426411.5,3.9719424247741695,1.0,0.0
975.0,442613.40625,5425861.5,4.5450420379638672,1.0,0.0
976.0,441623.40625,5422041.5,4.244837760925293,1.0,0.0
977.0,442673.40625,5421001.5,4.5576639175415039,1.0,0.0
978.0,445533.40625,5422651.5,5.3485360145568848,1.0,0.0
979.0,444533.40625,5422931.5,4.7055654525756836,1.0,0.0
980.0,442603.40625,5422751.5,3.8116436004638672,1.0,0.0
981.0,441083.40625,5422311.5,3.8760404586791992,1.0,0.0
982.0,440333.40625,5425321.5,4.3094005584716797,1.0,0.0
983.0,443313.40625,5421871.5,4.6763553619384766,1.0,0.0
984.0,440453.40625,5426251.5,3.8754904270172119,1.0,0.0
985.0,444913.40625,5424361.5,4.7972636222839364,1.0,0.0
986.0,444853.40625,5422101.5,4.4626345634460449,1.0,0.0
987.0,443853.40625,5425071.5,4.4036550521850586,1.0,0.0
988.0,443593.40625,5423901.5,3.9791345596313481,1.0,0.0
989.0,441333.40625,5425861.5,4.1086368560791016,1.0,0.0
990.0,439113.40625,5423451.5,3.9341092109680176,1.0,0.0
991.0,443113.40625,5427841.5,6.1574468612670898,1.0,0.0
992.0,442253.40625,5426491.5,4.045027256011962,1.0,0.0
993.0,443823.40625,5424641.5,5.6659879684448251,1.0,0.0
994.0,444283.40625,5423251.5,4.269773006439209,1.0,0.0
995.0,442643.40625,5424931.5,4.1580066680908194,1.0,0.0
996.0,438063.40625,5423421.5,3.982854843139648,1.0,0.0
997.0,441563.40625,5426221.5,3.981479167938232,1.0,0.0
998.0,440673.40625,5419461.5,4.1874313354492188,1.0,0.0
999.0,444393.40625,5423121.5,4.4248619079589844,1.0,0.0
